name,price,image_url
7-11 商品卡35元,30,https://i.meee.com.tw/X8FHw20.jpg
7-11 商品卡50元,43,https://i.meee.com.tw/F36TEqR.jpg
7-11 商品卡100元,85,https://i.meee.com.tw/lKezE1F.jpg
全家 商品卡35元,30,https://i.meee.com.tw/jzyxpkA.jpg
全家 商品卡50元,43,https://i.meee.com.tw/PcfFj7F.jpg
全家 商品卡100元,85,https://i.meee.com.tw/BbAAknw.jpg
即享卡100元,85,https://i.meee.com.tw/sKsejI1.jpg
FDK三號鹼性電池一組(4入),30,https://i.meee.com.tw/eoOW4R5.jpg
ESG永續公益刨刀,19,https://i.meee.com.tw/flEHagQ.jpg
洗衣機槽清潔錠,20,https://i.meee.com.tw/9BmB3aS.jpg
台泥-折疊環保提包,45,https://i.meee.com.tw/7M7U8vO.jpg
味全-全家-(林鳳營全脂鮮乳338ML)期限11/30,20,https://i.meee.com.tw/Q09bKDv.jpg
味王-王子杯麵,20,https://i.meee.com.tw/Hp4jVe5.jpg
卜蜂-雞肉鬆乙包,100,https://i.meee.com.tw/idZgG29.jpg
愛之味-古法初榨花生油(100ml)1瓶,45,https://i.meee.com.tw/NRLqFum.jpg
國喬-康寧SNAPWARE耐熱玻璃儲物罐二入組,80,https://i.meee.com.tw/2FQcgYE.jpg
嘉裕-機能襪,30,https://i.meee.com.tw/y7AiXxq.jpg
宏益-濕紙巾,20,https://i.meee.com.tw/jnJtScr.jpg
聲寶-雨傘,90,https://i.meee.com.tw/DKMcGRy.jpg
彰源-運動休閒毛巾襪,30,https://i.meee.com.tw/SrGYZiI.jpg
新光鋼-妙管家小蘇打抗菌洗衣精600g,35,https://i.meee.com.tw/WYNdoK1.jpg
台橡-休閒運動襪子禮盒,30,https://i.meee.com.tw/xXruGBf.jpg
三陽工業-三角斜背保溫保冷袋,45,https://i.meee.com.tw/fRz8AQC.jpg
中環-水晶肥皂洗衣精,40,https://i.meee.com.tw/V8OR7zd.jpg
國巨-妙管家八倍濃縮洗衣球,25,https://i.meee.com.tw/ln3NGuE.jpg
佳世達-史努比陶瓷雙碗組,70,https://i.meee.com.tw/N5lsc0Y.jpg
大同-Luminarc純白強化餐具2件套,50,https://i.meee.com.tw/HtWWDbu.jpg
友達-台灣產製真空包裝白米600公克,40,https://i.meee.com.tw/bV0XWoV.jpg
光群雷-陶瓷碗組,60,https://i.meee.com.tw/qKNLaZi.jpg
希華-麵條,35,https://i.meee.com.tw/gPbw8Ue.jpg
瑞軒-真空壓縮收納袋組(附抽氣沯),40,https://i.meee.com.tw/30z1p1F.jpg
新建-休閒側背包,25,https://i.meee.com.tw/TXyIYvx.jpg
冠德-環球購物中心禮券100元,80,https://i.meee.com.tw/tpYDYRT.jpg
新興-玻璃沙拉碗,40,https://i.meee.com.tw/tzULQJ4.jpg
東森-森美妍白茶賦活保濕素顏霜,120,https://i.meee.com.tw/N4ssUXR.jpg
台中銀-洗碗精,35,https://i.meee.com.tw/c6xTGWR.jpg
凱基金-彩繪花鳥筷組(6雙),40,https://i.meee.com.tw/7HtnOT0.jpg
永豐金-永豐幸福毯,60,https://i.meee.com.tw/ZbE9TR3.jpg
農林-日月紅茶2.4公克*20入茶包,70,https://meee.com.tw/oCtWfa9
信邦-美國HYDY雙層玻璃蛋型杯,40,https://i.meee.com.tw/FyGm95x.jpg
憶聲-Lynx真空掀蓋隨行杯,70,https://i.meee.com.tw/7TDAoxx.jpg
喬鼎-摺疊餐具組,20,https://i.meee.com.tw/cbB1KqA.jpg
立德-手機支架,35,https://i.meee.com.tw/9RFiMco.jpg
百一-手機支架,35,https://i.meee.com.tw/UraDVCg.jpg
華電網-手機支架,35,https://i.meee.com.tw/jFeeiSG.jpg
全科-迷你夜行LED燈,20,https://i.meee.com.tw/aKoNrza.jpg
群創-時尚輕巧隨手杯200ml,45,https://i.meee.com.tw/gRacfXA.jpg
崧騰-餐具組,25,https://i.meee.com.tw/c3YGtAK.jpg
日月光-樂曼尼玻璃青松儲物罐,80,https://i.meee.com.tw/XgzqYZm.jpg
富采-Ennostar x 懶散兔&啾先生聯名不鏽鋼餐具組,35,https://i.meee.com.tw/eqnwe1C.jpg
聯嘉投控-櫻花碗二入,35,https://i.meee.com.tw/jPoW4Qf.jpg
國光生-氣密保鮮罐,70,https://i.meee.com.tw/S12iXLU.jpg
力達-KY-多功能削皮器,25,https://i.meee.com.tw/Lr51kYB.jpg
佳總-木漿棉百潔擦,10,https://i.meee.com.tw/Sg4pxEq.jpg
中美晶-法蘭絨毯,80,https://i.meee.com.tw/AhAs7Z2.jpg
力麒-老媽拌麵(單包裝),25,https://i.meee.com.tw/7OOOD7N.jpg
中菲行-鑰匙圈,9,https://i.meee.com.tw/fGCvzBG.jpg
頎邦-環保摺疊購物袋,9,https://i.meee.com.tw/rdqKOxr.jpg
軒郁-膠原飲品,50,https://i.meee.com.tw/lZFIrjU.jpg
清淨海-洗碗膠囊,90,https://i.meee.com.tw/ROTysAa.jpg
臺鹽-台塩生技UP機能吸凍1盒及台塩線上股東購物金2千,40,https://i.meee.com.tw/Fk35pa7.jpg
輔信-康寧Amber 9吋湯盤,45,https://i.meee.com.tw/wRjZ9Tc.jpg
圓剛-不鏽鋼保溫杯,40,https://i.meee.com.tw/1qEmUdv.jpg
宏達電-HTC三角肩背包乙個,29,https://i.meee.com.tw/dBv10cy.jpg
華南金-咖波聯名限定雙盤組,80,https://i.meee.com.tw/7kXyyw1.jpg
台新新光金-多用途矽膠隔熱餐墊(二入),29,https://i.meee.com.tw/T4lV3aT.jpg
力特-台灣製ESG公益砧板,35,https://i.meee.com.tw/ISNCZBV.jpg
長榮-德國雙人全鋼刨刀 ,200,https://i.meee.com.tw/XnNPBMS.jpg
西勝-四合一開瓶器,30,https://i.meee.com.tw/hbVF426.jpg
國鼎-樂扣樂扣雙飲口彈跳316保溫杯,150,https://i.meee.com.tw/elDRLke.jpg
夆典-五合一工具組,25,
廣積-康寧耐熱玻璃烤盤7吋,45,
御嵿-御嵿集團品牌優惠券,0,
阿瘦-購物500元抵用券(沒有襪子),0,
